"ID","Description","GeneRatio","BgRatio","pvalue","p.adjust","qvalue","geneID","Count"
"GO:0070098","chemokine-mediated signaling pathway","17/19","90/18903",1.13120019963064e-38,7.86184138743297e-36,3.31024900523493e-36,"CXCR1/CCR7/CCR1/CCR5/CXCR3/CCL2/CCR2/CCL19/CCR4/CXCR6/CCL17/CCL5/ACKR2/CCL22/CCL18/CXCL9/CXCL10",17
"GO:1990868","response to chemokine","17/19","98/18903",5.53005316098093e-38,1.28112898229392e-35,5.39422729386912e-36,"CXCR1/CCR7/CCR1/CCR5/CXCR3/CCL2/CCR2/CCL19/CCR4/CXCR6/CCL17/CCL5/ACKR2/CCL22/CCL18/CXCL9/CXCL10",17
"GO:1990869","cellular response to chemokine","17/19","98/18903",5.53005316098093e-38,1.28112898229392e-35,5.39422729386912e-36,"CXCR1/CCR7/CCR1/CCR5/CXCR3/CCL2/CCR2/CCL19/CCR4/CXCR6/CCL17/CCL5/ACKR2/CCL22/CCL18/CXCL9/CXCL10",17
"GO:0060326","cell chemotaxis","17/19","319/18903",7.90481583060869e-29,1.37346175056826e-26,5.78299684449794e-27,"CXCR1/CCR7/CCR1/CCR5/CXCR3/CCL2/CCR2/CCL19/CCR4/CXCR6/CCL17/CCL5/ACKR2/CCL22/CCL18/CXCL9/CXCL10",17
"GO:0019221","cytokine-mediated signaling pathway","17/19","496/18903",1.64742321904077e-25,2.28991827446667e-23,9.64176115564913e-24,"CXCR1/CCR7/CCR1/CCR5/CXCR3/CCL2/CCR2/CCL19/CCR4/CXCR6/CCL17/CCL5/ACKR2/CCL22/CCL18/CXCL9/CXCL10",17
"GO:0030595","leukocyte chemotaxis","13/19","240/18903",4.07586161625942e-21,4.72120637216716e-19,1.98787636722828e-19,"CXCR1/CCR7/CCR1/CCR5/CCL2/CCR2/CCL19/CCL17/CCL5/CCL22/CCL18/CXCL9/CXCL10",13
"GO:0050900","leukocyte migration","14/19","398/18903",2.8346146465214e-20,2.81436739904625e-18,1.18499679959842e-18,"CXCR1/CCR7/CCR1/CCR5/CXCR3/CCL2/CCR2/CCL19/CCL17/CCL5/CCL22/CCL18/CXCL9/CXCL10",14
"GO:0071674","mononuclear cell migration","12/19","206/18903",9.5745830076671e-20,8.3179189879108e-18,3.50228167912034e-18,"CXCR1/CCR7/CCR1/CCR5/CCL2/CCR2/CCL19/CCL17/CCL5/CCL22/CCL18/CXCL10",12
"GO:0097529","myeloid leukocyte migration","12/19","242/18903",6.86334774427015e-19,5.30002964696417e-17,2.2315914303007e-17,"CXCR1/CCR7/CCR1/CCL2/CCR2/CCL19/CCL17/CCL5/CCL22/CCL18/CXCL9/CXCL10",12
"GO:0030593","neutrophil chemotaxis","10/19","106/18903",1.76245366021741e-18,1.2249052938511e-16,5.15749597410988e-17,"CXCR1/CCR7/CCL2/CCL19/CCL17/CCL5/CCL22/CCL18/CXCL9/CXCL10",10
"GO:0002548","monocyte chemotaxis","9/19","71/18903",7.88025099986375e-18,4.97888585900482e-16,2.09637299326519e-16,"CCR1/CCL2/CCR2/CCL19/CCL17/CCL5/CCL22/CCL18/CXCL10",9
"GO:0071621","granulocyte chemotaxis","10/19","130/18903",1.45868005303145e-17,7.79832797582199e-16,3.28350651613557e-16,"CXCR1/CCR7/CCL2/CCL19/CCL17/CCL5/CCL22/CCL18/CXCL9/CXCL10",10
"GO:1990266","neutrophil migration","10/19","130/18903",1.45868005303145e-17,7.79832797582199e-16,3.28350651613557e-16,"CXCR1/CCR7/CCL2/CCL19/CCL17/CCL5/CCL22/CCL18/CXCL9/CXCL10",10
"GO:0097530","granulocyte migration","10/19","158/18903",1.08064977187428e-16,5.36465422466161e-15,2.25880177880489e-15,"CXCR1/CCR7/CCL2/CCL19/CCL17/CCL5/CCL22/CCL18/CXCL9/CXCL10",10
"GO:0002407","dendritic cell chemotaxis","7/19","27/18903",2.58894647535895e-16,1.19954520024965e-14,5.0507166326301e-15,"CXCR1/CCR7/CCR1/CCR5/CCR2/CCL19/CCL5",7
"GO:0048247","lymphocyte chemotaxis","8/19","65/18903",9.17432979794211e-16,3.9850995059811e-14,1.67793663409731e-14,"CCL2/CCR2/CCL19/CCL17/CCL5/CCL22/CCL18/CXCL10",8
"GO:0072676","lymphocyte migration","9/19","124/18903",1.4638288870376e-15,5.98447692053609e-14,2.5197797560152e-14,"CCR7/CCL2/CCR2/CCL19/CCL17/CCL5/CCL22/CCL18/CXCL10",9
"GO:0036336","dendritic cell migration","7/19","34/18903",1.56226777458003e-15,6.03208946296179e-14,2.5398271422997e-14,"CXCR1/CCR7/CCR1/CCR5/CCR2/CCL19/CCL5",7
"GO:0007204","positive regulation of cytosolic calcium ion concentration","9/19","205/18903",1.46329677143212e-13,5.3525855586596e-12,2.25372023522509e-12,"CXCR1/CCR7/CCR1/CCR5/CXCR3/CCR2/CCR4/CXCR6/ACKR2",9
"GO:0019722","calcium-mediated signaling","9/19","208/18903",1.669639549058e-13,5.80199743297654e-12,2.44294628756907e-12,"CXCR1/CCR7/CCR1/CCR5/CXCR3/CCR2/CCR4/CXCR6/ACKR2",9
"GO:0019932","second-messenger-mediated signaling","9/19","314/18903",6.85818511362938e-12,2.26973269236782e-10,9.5567692310224e-11,"CXCR1/CCR7/CCR1/CCR5/CXCR3/CCR2/CCR4/CXCR6/ACKR2",9
"GO:0071346","cellular response to interferon-gamma","7/19","118/18903",1.46106154382855e-11,4.6156262407311e-10,1.94342157504467e-10,"CCL2/GBP5/CCL19/CCL17/CCL5/CCL22/CCL18",7
"GO:0070374","positive regulation of ERK1 and ERK2 cascade","8/19","223/18903",2.23644231784038e-11,6.75794526477854e-10,2.84545063780149e-10,"CCR7/CCR1/CCL2/CCL19/CCL17/CCL5/CCL22/CCL18",8
"GO:0002688","regulation of leukocyte chemotaxis","7/19","127/18903",2.46386929174464e-11,7.13495482401051e-10,3.00419150484653e-10,"CCR7/CCR1/CCL2/CCR2/CCL19/CCL5/CXCL10",7
"GO:0050920","regulation of chemotaxis","8/19","230/18903",2.86451360432239e-11,7.92761586831672e-10,3.33794352350178e-10,"CCR7/CCR1/CCL2/CCR2/CCL19/CCR4/CCL5/CXCL10",8
"GO:0002685","regulation of leukocyte migration","8/19","231/18903",2.96572679965805e-11,7.92761586831672e-10,3.33794352350178e-10,"CCR7/CCR1/CXCR3/CCL2/CCR2/CCL19/CCL5/CXCL10",8
"GO:0034341","response to interferon-gamma","7/19","140/18903",4.91618363859847e-11,1.26546208475035e-09,5.32826140947515e-10,"CCL2/GBP5/CCL19/CCL17/CCL5/CCL22/CCL18",7
"GO:0050921","positive regulation of chemotaxis","7/19","144/18903",6.00019678064267e-11,1.48933455805238e-09,6.27088234969421e-10,"CCR7/CCR1/CCR2/CCL19/CCR4/CCL5/CXCL10",7
"GO:0006874","cellular calcium ion homeostasis","8/19","284/18903",1.54086976006748e-10,3.69277408016172e-09,1.55485224427862e-09,"CCR7/CCR1/CCR5/CCR2/CCL19/CCL5/CXCL9/CXCL10",8
"GO:0055074","calcium ion homeostasis","8/19","309/18903",3.01109057332552e-10,6.97569316153746e-09,2.93713396275261e-09,"CCR7/CCR1/CCR5/CCR2/CCL19/CCL5/CXCL9/CXCL10",8
"GO:0070372","regulation of ERK1 and ERK2 cascade","8/19","315/18903",3.50700560163819e-10,7.8624803004469e-09,3.3105180212408e-09,"CCR7/CCR1/CCL2/CCL19/CCL17/CCL5/CCL22/CCL18",8
"GO:0002690","positive regulation of leukocyte chemotaxis","6/19","97/18903",4.01292238850636e-10,8.71556581253724e-09,3.66971192106831e-09,"CCR7/CCR1/CCR2/CCL19/CCL5/CXCL10",6
"GO:0072503","cellular divalent inorganic cation homeostasis","8/19","323/18903",4.27781533667245e-10,9.00933836056775e-09,3.79340562550221e-09,"CCR7/CCR1/CCR5/CCR2/CCL19/CCL5/CXCL9/CXCL10",8
"GO:0070371","ERK1 and ERK2 cascade","8/19","340/18903",6.41906317366091e-10,1.31213203108657e-08,5.52476644668029e-09,"CCR7/CCR1/CCL2/CCL19/CCL17/CCL5/CCL22/CCL18",8
"GO:0071347","cellular response to interleukin-1","6/19","111/18903",9.11912029376196e-10,1.78199308550507e-08,7.50312878107398e-09,"CCL2/CCL19/CCL17/CCL5/CCL22/CCL18",6
"GO:0072507","divalent inorganic cation homeostasis","8/19","356/18903",9.23046778103345e-10,1.78199308550507e-08,7.50312878107398e-09,"CCR7/CCR1/CCR5/CCR2/CCL19/CCL5/CXCL9/CXCL10",8
"GO:0071675","regulation of mononuclear cell migration","6/19","123/18903",1.6993091788666e-09,3.19194561976294e-08,1.34397710305808e-08,"CCR7/CCR1/CCL2/CCR2/CCL5/CXCL10",6
"GO:0006875","cellular metal ion homeostasis","8/19","420/18903",3.39060655039114e-09,6.20124092768906e-08,2.61104881165855e-08,"CCR7/CCR1/CCR5/CCR2/CCL19/CCL5/CXCL9/CXCL10",8
"GO:0070555","response to interleukin-1","6/19","141/18903",3.87687476230821e-09,6.9087896405236e-08,2.90896405916783e-08,"CCL2/CCL19/CCL17/CCL5/CCL22/CCL18",6
"GO:0090026","positive regulation of monocyte chemotaxis","4/19","21/18903",4.31503244375649e-09,7.49736887102691e-08,3.15678689306396e-08,"CCR1/CCR2/CCL5/CXCL10",4
"GO:0006816","calcium ion transport","8/19","440/18903",4.88271247150101e-09,8.27679309193463e-08,3.48496551239353e-08,"CCR7/CCR1/CCR5/CCL2/CCL19/CCL5/CXCL9/CXCL10",8
"GO:0002687","positive regulation of leukocyte migration","6/19","148/18903",5.19012887890831e-09,8.58842754962209e-08,3.61618002089351e-08,"CCR7/CCR1/CCR2/CCL19/CCL5/CXCL10",6
"GO:0043547","positive regulation of GTPase activity","7/19","283/18903",6.76312507065779e-09,1.09310974979236e-07,4.60256736754679e-08,"CCR7/CCL2/CCL19/CCL17/CCL5/CCL22/CCL18",7
"GO:0032103","positive regulation of response to external stimulus","8/19","464/18903",7.39833895595803e-09,1.16860126690701e-07,4.92042638697687e-08,"CCR7/CCR1/GBP5/CCR2/CCL19/CCR4/CCL5/CXCL10",8
"GO:0071677","positive regulation of mononuclear cell migration","5/19","73/18903",8.33082189152515e-09,1.28664915880222e-07,5.41747014232513e-08,"CCR7/CCR1/CCR2/CCL5/CXCL10",5
"GO:0043410","positive regulation of MAPK cascade","8/19","496/18903",1.24513781374177e-08,1.86392461170849e-07,7.84810362824625e-08,"CCR7/CCR1/CCL2/CCL19/CCL17/CCL5/CCL22/CCL18",8
"GO:1901623","regulation of lymphocyte chemotaxis","4/19","27/18903",1.26049578057984e-08,1.86392461170849e-07,7.84810362824625e-08,"CCL2/CCR2/CCL5/CXCL10",4
"GO:0030003","cellular cation homeostasis","8/19","499/18903",1.30505589230363e-08,1.88961217739797e-07,7.95626179957038e-08,"CCR7/CCR1/CCR5/CCR2/CCL19/CCL5/CXCL9/CXCL10",8
"GO:0090025","regulation of monocyte chemotaxis","4/19","29/18903",1.70370445116446e-08,2.41647876236591e-07,1.0174647420488e-07,"CCR1/CCR2/CCL5/CXCL10",4
"GO:0043087","regulation of GTPase activity","7/19","376/18903",4.77869637861858e-08,6.64238796627983e-07,2.79679493317045e-07,"CCR7/CCL2/CCL19/CCL17/CCL5/CCL22/CCL18",7
"GO:0071356","cellular response to tumor necrosis factor","6/19","234/18903",8.00288396460166e-08,1.09058908929376e-06,4.59195406018424e-07,"CCL2/CCL19/CCL17/CCL5/CCL22/CCL18",6
"GO:0051209","release of sequestered calcium ion into cytosol","5/19","124/18903",1.20994947960759e-07,1.617144016014e-06,6.8090274358484e-07,"CCR7/CCR5/CCL19/CXCL9/CXCL10",5
"GO:0051283","negative regulation of sequestering of calcium ion","5/19","125/18903",1.25958340356425e-07,1.65171785939086e-06,6.95460151322466e-07,"CCR7/CCR5/CCL19/CXCL9/CXCL10",5
"GO:0034612","response to tumor necrosis factor","6/19","254/18903",1.30021351879481e-07,1.67342295474517e-06,7.0459913884007e-07,"CCL2/CCL19/CCL17/CCL5/CCL22/CCL18",6
"GO:0051282","regulation of sequestering of calcium ion","5/19","127/18903",1.36369680789645e-07,1.72321687543279e-06,7.25565000182228e-07,"CCR7/CCR5/CCL19/CXCL9/CXCL10",5
"GO:0051928","positive regulation of calcium ion transport","5/19","129/18903",1.4745262451576e-07,1.8299923935438e-06,7.70523113071076e-07,"CCR1/CCL2/CCL5/CXCL9/CXCL10",5
"GO:0051208","sequestering of calcium ion","5/19","131/18903",1.59238606024569e-07,1.94159352959781e-06,8.17513065093816e-07,"CCR7/CCR5/CCL19/CXCL9/CXCL10",5
"GO:0043270","positive regulation of ion transport","6/19","289/18903",2.78292683006698e-07,3.33471404637337e-06,1.40409012478879e-06,"CCR1/CCL2/CCR2/CCL5/CXCL9/CXCL10",6
"GO:0010819","regulation of T cell chemotaxis","3/19","17/18903",5.80228484613101e-07,6.83489486112043e-06,2.87785046784018e-06,"CCR2/CCL5/CXCL10",3
"GO:2000401","regulation of lymphocyte migration","4/19","69/18903",6.04554533816293e-07,7.00275668337206e-06,2.94852912984087e-06,"CCL2/CCR2/CCL5/CXCL10",4
"GO:0032496","response to lipopolysaccharide","6/19","339/18903",7.09145123383046e-07,8.07960427461012e-06,3.4019386419411e-06,"CCR7/CCR5/CCL2/CCL5/CXCL9/CXCL10",6
"GO:0072678","T cell migration","4/19","73/18903",7.59216831954352e-07,8.51057577755281e-06,3.58340032739066e-06,"CCL2/CCR2/CCL5/CXCL10",4
"GO:0097553","calcium ion transmembrane import into cytosol","5/19","182/18903",8.16189559335882e-07,9.00399593235616e-06,3.7911561820447e-06,"CCR7/CCR5/CCL19/CXCL9/CXCL10",5
"GO:0002237","response to molecule of bacterial origin","6/19","360/18903",1.00703058982898e-06,1.09357228114241e-05,4.60451486796804e-06,"CCR7/CCR5/CCL2/CCL5/CXCL9/CXCL10",6
"GO:0071222","cellular response to lipopolysaccharide","5/19","222/18903",2.17159263436416e-06,2.32193366289706e-05,9.77656279114553e-06,"CCR5/CCL2/CCL5/CXCL9/CXCL10",5
"GO:0051651","maintenance of location in cell","5/19","226/18903",2.37043156576833e-06,2.49613627001363e-05,1.05100474526889e-05,"CCR7/CCR5/CCL19/CXCL9/CXCL10",5
"GO:0010818","T cell chemotaxis","3/19","28/18903",2.77587498095794e-06,2.87307724221722e-05,1.20971673356515e-05,"CCR2/CCL5/CXCL10",3
"GO:0071219","cellular response to molecule of bacterial origin","5/19","234/18903",2.8110683808744e-06,2.87307724221722e-05,1.20971673356515e-05,"CCR5/CCL2/CCL5/CXCL9/CXCL10",5
"GO:0050870","positive regulation of T cell activation","5/19","251/18903",3.96136254976018e-06,3.99006807548308e-05,1.6800286633613e-05,"CCR7/CCL2/CCR2/CCL19/CCL5",5
"GO:0071216","cellular response to biotic stimulus","5/19","261/18903",4.79345840968556e-06,4.75921942104495e-05,2.00388186149261e-05,"CCR5/CCL2/CCL5/CXCL9/CXCL10",5
"GO:0051924","regulation of calcium ion transport","5/19","268/18903",5.45342468315285e-06,5.32950860685261e-05,2.24400362393794e-05,"CCR1/CCL2/CCL5/CXCL9/CXCL10",5
"GO:2000406","positive regulation of T cell migration","3/19","35/18903",5.52121754954515e-06,5.32950860685261e-05,2.24400362393794e-05,"CCR2/CCL5/CXCL10",3
"GO:1903039","positive regulation of leukocyte cell-cell adhesion","5/19","275/18903",6.18279548516637e-06,5.88636008519264e-05,2.47846740429164e-05,"CCR7/CCL2/CCR2/CCL19/CCL5",5
"GO:0032735","positive regulation of interleukin-12 production","3/19","42/18903",9.64131564685748e-06,8.9342858327546e-05,3.76180456115983e-05,"CCR7/CCL19/LTB",3
"GO:2000403","positive regulation of lymphocyte migration","3/19","42/18903",9.64131564685748e-06,8.9342858327546e-05,3.76180456115983e-05,"CCR2/CCL5/CXCL10",3
"GO:0022409","positive regulation of cell-cell adhesion","5/19","322/18903",1.32868874931064e-05,0.000121505089575118,5.11600377158392e-05,"CCR7/CCL2/CCR2/CCL19/CCL5",5
"GO:2000404","regulation of T cell migration","3/19","49/18903",1.54044979638939e-05,0.000139040598505276,5.85434098969585e-05,"CCR2/CCL5/CXCL10",3
"GO:0051235","maintenance of location","5/19","342/18903",1.77688216960124e-05,0.000158324757419597,6.66630557556199e-05,"CCR7/CCR5/CCL19/CXCL9/CXCL10",5
"GO:0006968","cellular defense response","3/19","52/18903",1.84428663448413e-05,0.000160996998228558,6.77882097804455e-05,"CCR5/CCR2/CXCL9",3
"GO:0070588","calcium ion transmembrane transport","5/19","345/18903",1.85320285730714e-05,0.000160996998228558,6.77882097804455e-05,"CCR7/CCR5/CCL19/CXCL9/CXCL10",5
"GO:0071622","regulation of granulocyte chemotaxis","3/19","53/18903",1.95370261686864e-05,0.000167632508484408,7.05821088355404e-05,"CCR7/CCL19/CCL5",3
"GO:2000107","negative regulation of leukocyte apoptotic process","3/19","55/18903",2.18519267632214e-05,0.000185208403663889,7.79824857532162e-05,"CCR7/CCL19/CCL5",3
"GO:1904064","positive regulation of cation transmembrane transport","4/19","171/18903",2.25375896644327e-05,0.000188718371286515,7.946036685748e-05,"CCL2/CCR2/CXCL9/CXCL10",4
"GO:0050863","regulation of T cell activation","5/19","376/18903",2.8016813257525e-05,0.000229612697432039,9.66790304977008e-05,"CCR7/CCL2/CCR2/CCL19/CCL5",5
"GO:1903037","regulation of leukocyte cell-cell adhesion","5/19","377/18903",2.83756774015119e-05,0.000229612697432039,9.66790304977008e-05,"CCR7/CCL2/CCR2/CCL19/CCL5",5
"GO:1905517","macrophage migration","3/19","60/18903",2.84125064448279e-05,0.000229612697432039,9.66790304977008e-05,"CCL2/CCR2/CCL5",3
"GO:0034767","positive regulation of ion transmembrane transport","4/19","186/18903",3.1337910528e-05,0.000250343078355862,0.00010540761193931,"CCL2/CCR2/CXCL9/CXCL10",4
"GO:0032615","interleukin-12 production","3/19","63/18903",3.29088641113984e-05,0.000256984950083392,0.000108204189508797,"CCR7/CCL19/LTB",3
"GO:0032655","regulation of interleukin-12 production","3/19","63/18903",3.29088641113984e-05,0.000256984950083392,0.000108204189508797,"CCR7/CCL19/LTB",3
"GO:0050918","positive chemotaxis","3/19","64/18903",3.45054112041136e-05,0.000266458453187322,0.000112193032920978,"CCR4/CCL5/CXCL10",3
"GO:0051251","positive regulation of lymphocyte activation","5/19","400/18903",3.76681364983387e-05,0.000287685218311488,0.000121130618236416,"CCR7/CCL2/CCR2/CCL19/CCL5",5
"GO:0009615","response to virus","5/19","409/18903",4.18881754586037e-05,0.000316437847214452,0.000133236988300822,"CCL19/CCL5/CCL22/CXCL9/CXCL10",5
"GO:0035747","natural killer cell chemotaxis","2/19","10/18903",4.28663476784599e-05,0.000320345286414297,0.000134882225858652,"CCL2/CCL5",2
"GO:0007159","leukocyte cell-cell adhesion","5/19","414/18903",4.43864080112227e-05,0.000328176101785104,0.000138179411277938,"CCR7/CCL2/CCR2/CCL19/CCL5",5
"GO:0010959","regulation of metal ion transport","5/19","423/18903",4.91738330391761e-05,0.000359745410128709,0.000151471751633141,"CCR1/CCL2/CCL5/CXCL9/CXCL10",5
"GO:0002604","regulation of dendritic cell antigen processing and presentation","2/19","11/18903",5.23607964349411e-05,0.000379070349190459,0.000159608568080193,"CCR7/CCL19",2
"GO:0045661","regulation of myoblast differentiation","3/19","75/18903",5.55337226401606e-05,0.000397896260153728,0.000167535267433149,"CCL17/CXCL9/CXCL10",3
"GO:0043491","protein kinase B signaling","4/19","218/18903",5.82194543070878e-05,0.000412882864728837,0.000173845416727931,"CCR7/CCL2/CCL19/CCL5",4
"GO:0002696","positive regulation of leukocyte activation","5/19","450/18903",6.59764549971099e-05,0.000463168042656479,0.000195018123223781,"CCR7/CCL2/CCR2/CCL19/CCL5",5
"GO:0072683","T cell extravasation","2/19","13/18903",7.41681346697415e-05,0.000505361309759513,0.000212783709372427,"CCL2/CCR2",2
"GO:0097048","dendritic cell apoptotic process","2/19","13/18903",7.41681346697415e-05,0.000505361309759513,0.000212783709372427,"CCR7/CCL19",2
"GO:2000668","regulation of dendritic cell apoptotic process","2/19","13/18903",7.41681346697415e-05,0.000505361309759513,0.000212783709372427,"CCR7/CCL19",2
"GO:0050867","positive regulation of cell activation","5/19","467/18903",7.86410032888381e-05,0.000530635895978082,0.000223425640411824,"CCR7/CCL2/CCR2/CCL19/CCL5",5
"GO:0034764","positive regulation of transmembrane transport","4/19","237/18903",8.05272501186856e-05,0.000538138834927755,0.00022658477260116,"CCL2/CCR2/CXCL9/CXCL10",4
"GO:0045785","positive regulation of cell adhesion","5/19","484/18903",9.3111368505743e-05,0.000616308582014204,0.00025949835032177,"CCR7/CCL2/CCR2/CCL19/CCL5",5
"GO:0001819","positive regulation of cytokine production","5/19","486/18903",9.49403959142129e-05,0.000622486558116773,0.000262099603417589,"CCR7/GBP5/CCR2/CCL19/LTB",5
"GO:0022407","regulation of cell-cell adhesion","5/19","490/18903",9.86817120563905e-05,0.000630062176547431,0.000265289337493655,"CCR7/CCL2/CCR2/CCL19/CCL5",5
"GO:0001768","establishment of T cell polarity","2/19","15/18903",9.97220711082264e-05,0.000630062176547431,0.000265289337493655,"CCR7/CCL19",2
"GO:0001771","immunological synapse formation","2/19","15/18903",9.97220711082264e-05,0.000630062176547431,0.000265289337493655,"CCR7/CCL19",2
"GO:0002468","dendritic cell antigen processing and presentation","2/19","15/18903",9.97220711082264e-05,0.000630062176547431,0.000265289337493655,"CCR7/CCL19",2
"GO:2000106","regulation of leukocyte apoptotic process","3/19","93/18903",0.000105508722328293,0.000660617675839313,0.000278154810879711,"CCR7/CCL19/CCL5",3
"GO:0001767","establishment of lymphocyte polarity","2/19","16/18903",0.000113899775723342,0.000700534018829405,0.000294961692138697,"CCR7/CCL19",2
"GO:0010820","positive regulation of T cell chemotaxis","2/19","16/18903",0.000113899775723342,0.000700534018829405,0.000294961692138697,"CCR2/CCL5",2
"GO:0042102","positive regulation of T cell proliferation","3/19","106/18903",0.000155567583298659,0.000948416406952348,0.000399333223979936,"CCR2/CCL19/CCL5",3
"GO:0048245","eosinophil chemotaxis","2/19","19/18903",0.000162015544852633,0.000979137423239826,0.000412268388732558,"CCL2/CCL5",2
"GO:0032611","interleukin-1 beta production","3/19","111/18903",0.000178300968884094,0.00105913823396962,0.000445952940618787,"CCR7/GBP5/CCL19",3
"GO:0032651","regulation of interleukin-1 beta production","3/19","111/18903",0.000178300968884094,0.00105913823396962,0.000445952940618787,"CCR7/GBP5/CCL19",3
"GO:0002577","regulation of antigen processing and presentation","2/19","20/18903",0.000179909396020956,0.00105963584944546,0.000446162462924405,"CCR7/CCL19",2
"GO:0045445","myoblast differentiation","3/19","112/18903",0.000183092020291788,0.00106931894204028,0.000450239554543274,"CCL17/CXCL9/CXCL10",3
"GO:0071731","response to nitric oxide","2/19","21/18903",0.000198728071473484,0.0011320984399514,0.00047667302734796,"CCR7/CCL19",2
"GO:0140131","positive regulation of lymphocyte chemotaxis","2/19","21/18903",0.000198728071473484,0.0011320984399514,0.00047667302734796,"CCR2/CCL5",2
"GO:1901739","regulation of myoblast fusion","2/19","21/18903",0.000198728071473484,0.0011320984399514,0.00047667302734796,"CXCL9/CXCL10",2
"GO:0098586","cellular response to virus","3/19","116/18903",0.000203092165605267,0.00114755329346066,0.000483180334088697,"CCL19/CCL5/CXCL10",3
"GO:0071887","leukocyte apoptotic process","3/19","117/18903",0.000208304365523861,0.00116751237128293,0.000491584156329656,"CCR7/CCL19/CCL5",3
"GO:0031349","positive regulation of defense response","4/19","307/18903",0.00021809008434522,0.00120505217413259,0.00050739038910846,"CCR7/GBP5/CCR2/CCL5",4
"GO:2000310","regulation of NMDA receptor activity","2/19","22/18903",0.000218469890562168,0.00120505217413259,0.00050739038910846,"CCL2/CCR2",2
"GO:0010560","positive regulation of glycoprotein biosynthetic process","2/19","23/18903",0.00023913317478177,0.00128835315095605,0.000542464484613073,"CCR7/CCL19",2
"GO:0034695","response to prostaglandin E","2/19","23/18903",0.00023913317478177,0.00128835315095605,0.000542464484613073,"CCR7/CCL19",2
"GO:0072677","eosinophil migration","2/19","23/18903",0.00023913317478177,0.00128835315095605,0.000542464484613073,"CCL2/CCL5",2
"GO:0019058","viral life cycle","4/19","319/18903",0.000252487356116706,0.00134983625000854,0.000568352105266755,"CCR5/CCL2/CXCR6/CCL5",4
"GO:0006959","humoral immune response","4/19","320/18903",0.000255520197671716,0.00135562242276216,0.000570788388531435,"CCR7/CCL2/CXCL9/CXCL10",4
"GO:0045662","negative regulation of myoblast differentiation","2/19","25/18903",0.000283217435293194,0.00145197829089246,0.000611359280375771,"CCL17/CXCL10",2
"GO:0090023","positive regulation of neutrophil chemotaxis","2/19","25/18903",0.000283217435293194,0.00145197829089246,0.000611359280375771,"CCR7/CCL19",2
"GO:0019079","viral genome replication","3/19","130/18903",0.000284128125987588,0.00145197829089246,0.000611359280375771,"CCL2/CXCR6/CCL5",3
"GO:0032612","interleukin-1 production","3/19","130/18903",0.000284128125987588,0.00145197829089246,0.000611359280375771,"CCR7/GBP5/CCL19",3
"GO:0032652","regulation of interleukin-1 production","3/19","130/18903",0.000284128125987588,0.00145197829089246,0.000611359280375771,"CCR7/GBP5/CCL19",3
"GO:1903020","positive regulation of glycoprotein metabolic process","2/19","26/18903",0.000306635065268144,0.00155555744789314,0.000654971557007637,"CCR7/CCL19",2
"GO:0071624","positive regulation of granulocyte chemotaxis","2/19","28/18903",0.000356212974870714,0.00179397114155903,0.000755356270130117,"CCR7/CCL19",2
"GO:0050671","positive regulation of lymphocyte proliferation","3/19","146/18903",0.000399430969373834,0.00199715484686917,0.000840907303944913,"CCR2/CCL19/CCL5",3
"GO:0002825","regulation of T-helper 1 type immune response","2/19","30/18903",0.000409436642485643,0.00201814515267746,0.000849745327443141,"CCR2/CCL19",2
"GO:0060142","regulation of syncytium formation by plasma membrane fusion","2/19","30/18903",0.000409436642485643,0.00201814515267746,0.000849745327443141,"CXCL9/CXCL10",2
"GO:0032946","positive regulation of mononuclear cell proliferation","3/19","149/18903",0.000423932110753283,0.00207487899277135,0.000873633260114254,"CCR2/CCL19/CCL5",3
"GO:0034694","response to prostaglandin","2/19","31/18903",0.000437411477952073,0.00212588095927756,0.000895107772327393,"CCR7/CCL19",2
"GO:0043552","positive regulation of phosphatidylinositol 3-kinase activity","2/19","32/18903",0.000466292768054352,0.00225051023470677,0.00094758325671864,"CCR7/CCL19",2
"GO:0051968","positive regulation of synaptic transmission, glutamatergic","2/19","33/18903",0.000496078855590659,0.00237775727334833,0.0010011609571993,"CCL2/CCR2",2
"GO:0090022","regulation of neutrophil chemotaxis","2/19","34/18903",0.000526768085477097,0.00249050217283389,0.0010486324938248,"CCR7/CCL19",2
"GO:1902624","positive regulation of neutrophil migration","2/19","34/18903",0.000526768085477097,0.00249050217283389,0.0010486324938248,"CCR7/CCL19",2
"GO:1904062","regulation of cation transmembrane transport","4/19","394/18903",0.000562105705989902,0.00263961801123636,0.00111141810999426,"CCL2/CCR2/CXCL9/CXCL10",4
"GO:0090218","positive regulation of lipid kinase activity","2/19","36/18903",0.000590849362540859,0.00274011506025511,0.00115373265694952,"CCR7/CCL19",2
"GO:0070665","positive regulation of leukocyte proliferation","3/19","167/18903",0.000591391739623404,0.00274011506025511,0.00115373265694952,"CCR2/CCL19/CCL5",3
"GO:0007259","receptor signaling pathway via JAK-STAT","3/19","172/18903",0.000644408562136885,0.00296598642837838,0.00124883639089616,"CCL2/CCR2/CCL5",3
"GO:0016032","viral process","4/19","421/18903",0.000720926495085105,0.00329634154002729,0.00138793328001149,"CCR5/CCL2/CXCR6/CCL5",4
"GO:0048246","macrophage chemotaxis","2/19","40/18903",0.000729777035741278,0.00331500026039339,0.00139578958332353,"CCL2/CCL5",2
"GO:0042129","regulation of T cell proliferation","3/19","182/18903",0.00075936832558944,0.00342701939145884,0.00144295553324583,"CCR2/CCL19/CCL5",3
"GO:0051281","positive regulation of release of sequestered calcium ion into cytosol","2/19","41/18903",0.00076674209716263,0.00343728458758519,0.0014472777210885,"CXCL9/CXCL10",2
"GO:0097696","receptor signaling pathway via STAT","3/19","183/18903",0.000771534382249338,0.00343728458758519,0.0014472777210885,"CCL2/CCR2/CCL5",3
"GO:0031295","T cell costimulation","2/19","45/18903",0.000923485768631353,0.00408804209680758,0.00172128088286635,"CCR7/CCL19",2
"GO:0042088","T-helper 1 type immune response","2/19","46/18903",0.000964884378032475,0.00421757636938723,0.00177582162921568,"CCR2/CCL19",2
"GO:2000273","positive regulation of signaling receptor activity","2/19","46/18903",0.000964884378032475,0.00421757636938723,0.00177582162921568,"CCL2/CCR2",2
"GO:0031294","lymphocyte costimulation","2/19","47/18903",0.00100716480540267,0.00429435300463101,0.00180814863352885,"CCR7/CCL19",2
"GO:0036230","granulocyte activation","2/19","47/18903",0.00100716480540267,0.00429435300463101,0.00180814863352885,"CCR2/CCL5",2
"GO:0097028","dendritic cell differentiation","2/19","47/18903",0.00100716480540267,0.00429435300463101,0.00180814863352885,"CCR7/CCL19",2
"GO:1902622","regulation of neutrophil migration","2/19","47/18903",0.00100716480540267,0.00429435300463101,0.00180814863352885,"CCR7/CCL19",2
"GO:0007520","myoblast fusion","2/19","50/18903",0.0011392807490638,0.00482804951584962,0.00203286295404195,"CXCL9/CXCL10",2
"GO:0042098","T cell proliferation","3/19","212/18903",0.00118030579517965,0.00497159107666578,0.00209330150596454,"CCR2/CCL19/CCL5",3
"GO:0002573","myeloid leukocyte differentiation","3/19","218/18903",0.00127900534893008,0.00535487179220727,0.00225468285987674,"CCR7/CCR1/CCL19",3
"GO:0010559","regulation of glycoprotein biosynthetic process","2/19","56/18903",0.00142710291188597,0.00590378883190923,0.00248580582396178,"CCR7/CCL19",2
"GO:0043551","regulation of phosphatidylinositol 3-kinase activity","2/19","56/18903",0.00142710291188597,0.00590378883190923,0.00248580582396178,"CCR7/CCL19",2
"GO:0008347","glial cell migration","2/19","57/18903",0.00147811245037919,0.00607862812434047,0.00255942236814335,"CCL2/CCR2",2
"GO:0050670","regulation of lymphocyte proliferation","3/19","239/18903",0.00166507912178221,0.00680723523316843,0.0028662043087025,"CCR2/CCL19/CCL5",3
"GO:0032944","regulation of mononuclear cell proliferation","3/19","243/18903",0.00174601269916843,0.00701463445720996,0.00295353029777261,"CCR2/CCL19/CCL5",3
"GO:0099601","regulation of neurotransmitter receptor activity","2/19","62/18903",0.00174608886488823,0.00701463445720996,0.00295353029777261,"CCL2/CCR2",2
"GO:1903018","regulation of glycoprotein metabolic process","2/19","62/18903",0.00174608886488823,0.00701463445720996,0.00295353029777261,"CCR7/CCL19",2
"GO:0031663","lipopolysaccharide-mediated signaling pathway","2/19","63/18903",0.00180225870097928,0.00715754169817484,0.00301370176765256,"CCL2/CCL5",2
"GO:0032731","positive regulation of interleukin-1 beta production","2/19","63/18903",0.00180225870097928,0.00715754169817484,0.00301370176765256,"GBP5/CCL19",2
"GO:0000768","syncytium formation by plasma membrane fusion","2/19","64/18903",0.00185928300064945,0.00730057449407551,0.00307392610276863,"CXCL9/CXCL10",2
"GO:0140253","cell-cell fusion","2/19","64/18903",0.00185928300064945,0.00730057449407551,0.00307392610276863,"CXCL9/CXCL10",2
"GO:0097305","response to alcohol","3/19","253/18903",0.00195905291181699,0.00764911108827419,0.00322067835295755,"CCR7/CCR5/CCL19",3
"GO:0007187","G protein-coupled receptor signaling pathway, coupled to cyclic nucleotide second messenger","2/19","67/18903",0.00203546678602491,0.0079030693647336,0.00332760815357204,"CCR1/CCL2",2
"GO:0006949","syncytium formation","2/19","68/18903",0.00209589305512777,0.00804776615090496,0.00338853311617051,"CXCL9/CXCL10",2
"GO:0043550","regulation of lipid kinase activity","2/19","68/18903",0.00209589305512777,0.00804776615090496,0.00338853311617051,"CCR7/CCL19",2
"GO:0009988","cell-cell recognition","2/19","71/18903",0.00228224473132019,0.00871516532015128,0.00366954329269528,"CCR7/CCL19",2
"GO:0070663","regulation of leukocyte proliferation","3/19","269/18903",0.00233258862983166,0.00885873823897814,0.0037299950479908,"CCR2/CCL19/CCL5",3
"GO:0046635","positive regulation of alpha-beta T cell activation","2/19","73/18903",0.00241069079507558,0.00910559838357354,0.00383393616150465,"CCR2/CCL19",2
"GO:0032732","positive regulation of interleukin-1 production","2/19","74/18903",0.00247617258817953,0.00925236531604715,0.00389573276465143,"GBP5/CCL19",2
"GO:0045123","cellular extravasation","2/19","74/18903",0.00247617258817953,0.00925236531604715,0.00389573276465143,"CCL2/CCR2",2
"GO:0051966","regulation of synaptic transmission, glutamatergic","2/19","78/18903",0.00274645488857662,0.0102074125538008,0.00429785791738981,"CCL2/CCR2",2
"GO:2001259","positive regulation of cation channel activity","2/19","80/18903",0.00288658721115944,0.0106711601689139,0.00449312007112164,"CCL2/CCR2",2
"GO:0061844","antimicrobial humoral immune response mediated by antimicrobial peptide","2/19","81/18903",0.0029578957035737,0.0108769180634059,0.00457975497406565,"CXCL9/CXCL10",2
"GO:0051279","regulation of release of sequestered calcium ion into cytosol","2/19","82/18903",0.00303003034135652,0.0110835320381199,0.00466675033183996,"CXCL9/CXCL10",2
"GO:0030217","T cell differentiation","3/19","296/18903",0.0030581365363756,0.0111277743077541,0.00468537865589648,"CCR7/CCR2/CCL19",3
"GO:0046651","lymphocyte proliferation","3/19","305/18903",0.00332759667618784,0.0120452067184925,0.00507166598673367,"CCR2/CCL19/CCL5",3
"GO:0032943","mononuclear cell proliferation","3/19","312/18903",0.00354700297575622,0.0127728863634745,0.00537805741619977,"CCR2/CCL19/CCL5",3
"GO:1902105","regulation of leukocyte differentiation","3/19","317/18903",0.00370905615645277,0.0132875980862612,0.00559477814158367,"CCR1/CCR2/CCL19",3
"GO:1904427","positive regulation of calcium ion transmembrane transport","2/19","93/18903",0.0038775939339521,0.0138201424825472,0.00581900736107252,"CXCL9/CXCL10",2
"GO:0046330","positive regulation of JNK cascade","2/19","96/18903",0.00412579392684595,0.0146297284650915,0.00615988566951221,"CCR7/CCL19",2
"GO:0035249","synaptic transmission, glutamatergic","2/19","102/18903",0.00464383506236433,0.0163830729357523,0.00689813597294835,"CCL2/CCR2",2
"GO:0019233","sensory perception of pain","2/19","103/18903",0.00473296285039515,0.0166131776819426,0.00699502218187056,"CCL2/CCR2",2
"GO:0070661","leukocyte proliferation","3/19","348/18903",0.00481555168640261,0.0168181327741197,0.00708131906278722,"CCR2/CCL19/CCL5",3
"GO:0032760","positive regulation of tumor necrosis factor production","2/19","105/18903",0.00491359416839756,0.0170747397351815,0.0071893640990238,"CCR2/CCL19",2
"GO:0019882","antigen processing and presentation","2/19","108/18903",0.00519045787455135,0.0179471055861353,0.00755667603626749,"CCR7/CCL19",2
"GO:1903557","positive regulation of tumor necrosis factor superfamily cytokine production","2/19","109/18903",0.00528431755122957,0.018181191574775,0.0076552385578,"CCR2/CCL19",2
"GO:0120034","positive regulation of plasma membrane bounded cell projection assembly","2/19","111/18903",0.00547438556025975,0.0187423545043376,0.00789151768603688,"CCR7/CCL19",2
"GO:0006887","exocytosis","3/19","369/18903",0.00566778483136807,0.0193093649892196,0.00813025894282933,"CCR1/CCR2/CCL5",3
"GO:0044344","cellular response to fibroblast growth factor stimulus","2/19","114/18903",0.00576533676312862,0.0195458978067044,0.00822985170808604,"CCL2/CCL5",2
"GO:0032414","positive regulation of ion transmembrane transporter activity","2/19","115/18903",0.00586387430822764,0.0196878871701363,0.00828963670321528,"CCL2/CCR2",2
"GO:0046634","regulation of alpha-beta T cell activation","2/19","115/18903",0.00586387430822764,0.0196878871701363,0.00828963670321528,"CCR2/CCL19",2
"GO:0032609","interferon-gamma production","2/19","119/18903",0.00626575385200413,0.0208358800341764,0.00877300211965322,"CCR7/CCR2",2
"GO:0032649","regulation of interferon-gamma production","2/19","119/18903",0.00626575385200413,0.0208358800341764,0.00877300211965322,"CCR7/CCR2",2
"GO:0051897","positive regulation of protein kinase B signaling","2/19","120/18903",0.00636814865857829,0.0209756555341797,0.00883185496175986,"CCR7/CCL19",2
"GO:0071774","response to fibroblast growth factor","2/19","120/18903",0.00636814865857829,0.0209756555341797,0.00883185496175986,"CCL2/CCL5",2
"GO:0019730","antimicrobial humoral response","2/19","125/18903",0.0068915982785387,0.022592739639549,0.00951273247981013,"CXCL9/CXCL10",2
"GO:0032411","positive regulation of transporter activity","2/19","126/18903",0.00699857300588057,0.0228357194323333,0.00961503976098245,"CCL2/CCR2",2
"GO:0014902","myotube differentiation","2/19","129/18903",0.00732404035910932,0.0237860189232756,0.0100151658624318,"CXCL9/CXCL10",2
"GO:0030099","myeloid cell differentiation","3/19","407/18903",0.0074297840768753,0.0239197087800349,0.0100714563284357,"CCR7/CCR1/CCL19",3
"GO:0032874","positive regulation of stress-activated MAPK cascade","2/19","130/18903",0.00743403898775185,0.0239197087800349,0.0100714563284357,"CCR7/CCL19",2
"GO:0070304","positive regulation of stress-activated protein kinase signaling cascade","2/19","132/18903",0.00765629174834251,0.0245213030649679,0.0103247591852497,"CCR7/CCL19",2
"GO:1903706","regulation of hemopoiesis","3/19","413/18903",0.00773457498269798,0.0246583927200693,0.0103824811452923,"CCR1/CCR2/CCL19",3
"GO:0050727","regulation of inflammatory response","3/19","414/18903",0.00778608996876618,0.0247092809511073,0.0104039077688873,"CCR7/CCR2/CCL5",3
"GO:0030098","lymphocyte differentiation","3/19","419/18903",0.00804674819124484,0.0254204090587053,0.0107033301299812,"CCR7/CCR2/CCL19",3
"GO:0045860","positive regulation of protein kinase activity","3/19","420/18903",0.00809949793633011,0.0254712717907214,0.0107247460171458,"CCR7/CCL19/CCL5",3
"GO:0046328","regulation of JNK cascade","2/19","141/18903",0.00869335720865958,0.0272156903604433,0.0114592380465024,"CCR7/CCL19",2
"GO:0045089","positive regulation of innate immune response","2/19","145/18903",0.00917348378412807,0.0285900055155561,0.0120378970591815,"GBP5/CCL5",2
"GO:0016525","negative regulation of angiogenesis","2/19","149/18903",0.0096653007608897,0.0299883215572247,0.0126266617083052,"CCR2/CXCL10",2
"GO:0030010","establishment of cell polarity","2/19","150/18903",0.00979007091759688,0.0300820575546114,0.0126661294966785,"CCR7/CCL19",2
"GO:2000181","negative regulation of blood vessel morphogenesis","2/19","151/18903",0.00991556459195479,0.0300820575546114,0.0126661294966785,"CCR2/CXCL10",2
"GO:0002676","regulation of chronic inflammatory response","1/19","10/18903",0.0100083452563561,0.0300820575546114,0.0126661294966785,"CCL5",1
"GO:0045625","regulation of T-helper 1 cell differentiation","1/19","10/18903",0.0100083452563561,0.0300820575546114,0.0126661294966785,"CCL19",1
"GO:0070099","regulation of chemokine-mediated signaling pathway","1/19","10/18903",0.0100083452563561,0.0300820575546114,0.0126661294966785,"CCL5",1
"GO:2000425","regulation of apoptotic cell clearance","1/19","10/18903",0.0100083452563561,0.0300820575546114,0.0126661294966785,"CCL2",1
"GO:2000510","positive regulation of dendritic cell chemotaxis","1/19","10/18903",0.0100083452563561,0.0300820575546114,0.0126661294966785,"CCR7",1
"GO:1901343","negative regulation of vasculature development","2/19","152/18903",0.0100417803635537,0.0300820575546114,0.0126661294966785,"CCR2/CXCL10",2
"GO:0045834","positive regulation of lipid metabolic process","2/19","154/18903",0.0102963725261553,0.0305811064345212,0.012876255340851,"CCR7/CCL19",2
"GO:0050729","positive regulation of inflammatory response","2/19","154/18903",0.0102963725261553,0.0305811064345212,0.012876255340851,"CCR7/CCR2",2
"GO:0007189","adenylate cyclase-activating G protein-coupled receptor signaling pathway","2/19","157/18903",0.0106836410962143,0.0315963002632721,0.0133037053740093,"CXCL9/CXCL10",2
"GO:0033632","regulation of cell-cell adhesion mediated by integrin","1/19","11/18903",0.0110039437023484,0.0319989157871636,0.0134732276998584,"CCL5",1
"GO:0034350","regulation of glial cell apoptotic process","1/19","11/18903",0.0110039437023484,0.0319989157871636,0.0134732276998584,"CCL2",1
"GO:0042118","endothelial cell activation","1/19","11/18903",0.0110039437023484,0.0319989157871636,0.0134732276998584,"CXCL10",1
"GO:0045060","negative thymic T cell selection","1/19","11/18903",0.0110039437023484,0.0319989157871636,0.0134732276998584,"CCR7",1
"GO:1903131","mononuclear cell differentiation","3/19","473/18903",0.0111954254802292,0.032420086286497,0.0136505626469461,"CCR7/CCR2/CCL19",3
"GO:0002887","negative regulation of myeloid leukocyte mediated immunity","1/19","12/18903",0.0119985935578244,0.0340368266232162,0.0143312954203015,"CCR2",1
"GO:0043383","negative T cell selection","1/19","12/18903",0.0119985935578244,0.0340368266232162,0.0143312954203015,"CCR7",1
"GO:1900227","positive regulation of NLRP3 inflammasome complex assembly","1/19","12/18903",0.0119985935578244,0.0340368266232162,0.0143312954203015,"GBP5",1
"GO:1903977","positive regulation of glial cell migration","1/19","12/18903",0.0119985935578244,0.0340368266232162,0.0143312954203015,"CCR2",1
"GO:2000508","regulation of dendritic cell chemotaxis","1/19","12/18903",0.0119985935578244,0.0340368266232162,0.0143312954203015,"CCR7",1
"GO:0050806","positive regulation of synaptic transmission","2/19","170/18903",0.0124355347307079,0.0351329131619594,0.0147928055418776,"CCL2/CCR2",2
"GO:0007254","JNK cascade","2/19","172/18903",0.0127155652264024,0.0352885340765622,0.0148583301374999,"CCR7/CCL19",2
"GO:0033674","positive regulation of kinase activity","3/19","496/18903",0.012726091100355,0.0352885340765622,0.0148583301374999,"CCR7/CCL19/CCL5",3
"GO:0044089","positive regulation of cellular component biogenesis","3/19","498/18903",0.0128646433844596,0.0352885340765622,0.0148583301374999,"CCR7/GBP5/CCL19",3
"GO:0002524","hypersensitivity","1/19","13/18903",0.0129922956764205,0.0352885340765622,0.0148583301374999,"CCR7",1
"GO:0002863","positive regulation of inflammatory response to antigenic stimulus","1/19","13/18903",0.0129922956764205,0.0352885340765622,0.0148583301374999,"CCR7",1
"GO:0031272","regulation of pseudopodium assembly","1/19","13/18903",0.0129922956764205,0.0352885340765622,0.0148583301374999,"CCR7",1
"GO:0031274","positive regulation of pseudopodium assembly","1/19","13/18903",0.0129922956764205,0.0352885340765622,0.0148583301374999,"CCR7",1
"GO:0032621","interleukin-18 production","1/19","13/18903",0.0129922956764205,0.0352885340765622,0.0148583301374999,"GBP5",1
"GO:0032661","regulation of interleukin-18 production","1/19","13/18903",0.0129922956764205,0.0352885340765622,0.0148583301374999,"GBP5",1
"GO:0046631","alpha-beta T cell activation","2/19","174/18903",0.0129983665087769,0.0352885340765622,0.0148583301374999,"CCR2/CCL19",2
"GO:0010469","regulation of signaling receptor activity","2/19","175/18903",0.0131408027464655,0.0355364120964729,0.0149626998300939,"CCL2/CCR2",2
"GO:0045580","regulation of T cell differentiation","2/19","179/18903",0.0137174195833358,0.0369519636062729,0.0155587215184307,"CCR2/CCL19",2
"GO:0002829","negative regulation of type 2 immune response","1/19","14/18903",0.0139850509110501,0.0372398865255931,0.0156799522213024,"CCR2",1
"GO:0043301","negative regulation of leukocyte degranulation","1/19","14/18903",0.0139850509110501,0.0372398865255931,0.0156799522213024,"CCR2",1
"GO:0043922","negative regulation by host of viral transcription","1/19","14/18903",0.0139850509110501,0.0372398865255931,0.0156799522213024,"CCL5",1
"GO:0002822","regulation of adaptive immune response based on somatic recombination of immune receptors built from immunoglobulin superfamily domains","2/19","182/18903",0.0141570593097025,0.0375540313749742,0.0158122237368313,"CCR2/CCL19",2
"GO:0032640","tumor necrosis factor production","2/19","184/18903",0.0144535496328795,0.03774491935221,0.0158925976219831,"CCR2/CCL19",2
"GO:0032680","regulation of tumor necrosis factor production","2/19","184/18903",0.0144535496328795,0.03774491935221,0.0158925976219831,"CCR2/CCL19",2
"GO:1902107","positive regulation of leukocyte differentiation","2/19","184/18903",0.0144535496328795,0.03774491935221,0.0158925976219831,"CCR1/CCL19",2
"GO:1903708","positive regulation of hemopoiesis","2/19","184/18903",0.0144535496328795,0.03774491935221,0.0158925976219831,"CCR1/CCL19",2
"GO:0002864","regulation of acute inflammatory response to antigenic stimulus","1/19","15/18903",0.0149768601139028,0.03774491935221,0.0158925976219831,"CCR7",1
"GO:0042976","activation of Janus kinase activity","1/19","15/18903",0.0149768601139028,0.03774491935221,0.0158925976219831,"CCL5",1
"GO:0070234","positive regulation of T cell apoptotic process","1/19","15/18903",0.0149768601139028,0.03774491935221,0.0158925976219831,"CCL5",1
"GO:0090280","positive regulation of calcium ion import","1/19","15/18903",0.0149768601139028,0.03774491935221,0.0158925976219831,"CCL2",1
"GO:0097396","response to interleukin-17","1/19","15/18903",0.0149768601139028,0.03774491935221,0.0158925976219831,"CXCL10",1
"GO:0097398","cellular response to interleukin-17","1/19","15/18903",0.0149768601139028,0.03774491935221,0.0158925976219831,"CXCL10",1
"GO:1904936","interneuron migration","1/19","15/18903",0.0149768601139028,0.03774491935221,0.0158925976219831,"CCR4",1
"GO:2000402","negative regulation of lymphocyte migration","1/19","15/18903",0.0149768601139028,0.03774491935221,0.0158925976219831,"CCL2",1
"GO:0002833","positive regulation of response to biotic stimulus","2/19","188/18903",0.0150546345185996,0.03774491935221,0.0158925976219831,"GBP5/CCL5",2
"GO:1903169","regulation of calcium ion transmembrane transport","2/19","188/18903",0.0150546345185996,0.03774491935221,0.0158925976219831,"CXCL9/CXCL10",2
"GO:0043123","positive regulation of I-kappaB kinase/NF-kappaB signaling","2/19","189/18903",0.01520658621384,0.03774491935221,0.0158925976219831,"CCR7/CCL19",2
"GO:0051896","regulation of protein kinase B signaling","2/19","189/18903",0.01520658621384,0.03774491935221,0.0158925976219831,"CCR7/CCL19",2
"GO:0071706","tumor necrosis factor superfamily cytokine production","2/19","189/18903",0.01520658621384,0.03774491935221,0.0158925976219831,"CCR2/CCL19",2
"GO:1903555","regulation of tumor necrosis factor superfamily cytokine production","2/19","189/18903",0.01520658621384,0.03774491935221,0.0158925976219831,"CCR2/CCL19",2
"GO:0031334","positive regulation of protein-containing complex assembly","2/19","192/18903",0.0156664528140988,0.0387479882768637,0.0163149424323637,"CCR7/GBP5",2
"GO:0031269","pseudopodium assembly","1/19","16/18903",0.0159677241364484,0.0388026862756352,0.0163379731686885,"CCR7",1
"GO:0034112","positive regulation of homotypic cell-cell adhesion","1/19","16/18903",0.0159677241364484,0.0388026862756352,0.0163379731686885,"CCL5",1
"GO:0034349","glial cell apoptotic process","1/19","16/18903",0.0159677241364484,0.0388026862756352,0.0163379731686885,"CCL2",1
"GO:0050862","positive regulation of T cell receptor signaling pathway","1/19","16/18903",0.0159677241364484,0.0388026862756352,0.0163379731686885,"CCR7",1
"GO:1901741","positive regulation of myoblast fusion","1/19","16/18903",0.0159677241364484,0.0388026862756352,0.0163379731686885,"CXCL9",1
"GO:0032872","regulation of stress-activated MAPK cascade","2/19","195/18903",0.0161323084097489,0.0390660430131549,0.0164488602160652,"CCR7/CCL19",2
"GO:2001257","regulation of cation channel activity","2/19","197/18903",0.0164461881267196,0.0396878498196879,0.0167106736082896,"CCL2/CCR2",2
"GO:0002819","regulation of adaptive immune response","2/19","198/18903",0.016604116765722,0.0397926246626785,0.0167547893316541,"CCR2/CCL19",2
"GO:0070302","regulation of stress-activated protein kinase signaling cascade","2/19","198/18903",0.016604116765722,0.0397926246626785,0.0167547893316541,"CCR7/CCL19",2
"GO:0120032","regulation of plasma membrane bounded cell projection assembly","2/19","199/18903",0.016762702811236,0.0400346338618866,0.016856687941847,"CCR7/CCL19",2
"GO:0031268","pseudopodium organization","1/19","17/18903",0.0169576438294332,0.0400869471478098,0.0168787145885515,"CCR7",1
"GO:0033631","cell-cell adhesion mediated by integrin","1/19","17/18903",0.0169576438294332,0.0400869471478098,0.0168787145885515,"CCL5",1
"GO:0090594","inflammatory response to wounding","1/19","17/18903",0.0169576438294332,0.0400869471478098,0.0168787145885515,"CCR2",1
"GO:0060491","regulation of cell projection assembly","2/19","201/18903",0.0170818417909303,0.0402436611684628,0.0169446994393528,"CCR7/CCL19",2
"GO:1901654","response to ketone","2/19","205/18903",0.0177279500879056,0.0411646895373088,0.0173325008578142,"CCR7/CCL19",2
"GO:0002693","positive regulation of cellular extravasation","1/19","18/18903",0.0179466200428843,0.0411646895373088,0.0173325008578142,"CCR2",1
"GO:0002827","positive regulation of T-helper 1 type immune response","1/19","18/18903",0.0179466200428843,0.0411646895373088,0.0173325008578142,"CCR2",1
"GO:0003159","morphogenesis of an endothelium","1/19","18/18903",0.0179466200428843,0.0411646895373088,0.0173325008578142,"CXCL10",1
"GO:0048535","lymph node development","1/19","18/18903",0.0179466200428843,0.0411646895373088,0.0173325008578142,"LTB",1
"GO:0051770","positive regulation of nitric-oxide synthase biosynthetic process","1/19","18/18903",0.0179466200428843,0.0411646895373088,0.0173325008578142,"CCL2",1
"GO:0061154","endothelial tube morphogenesis","1/19","18/18903",0.0179466200428843,0.0411646895373088,0.0173325008578142,"CXCL10",1
"GO:0070230","positive regulation of lymphocyte apoptotic process","1/19","18/18903",0.0179466200428843,0.0411646895373088,0.0173325008578142,"CCL5",1
"GO:0045619","regulation of lymphocyte differentiation","2/19","210/18903",0.0185501581209544,0.0424090785988924,0.0178564541469021,"CCR2/CCL19",2
"GO:0002544","chronic inflammatory response","1/19","19/18903",0.0189346536261084,0.0428650953424929,0.0180484611968391,"CCL5",1
"GO:0010759","positive regulation of macrophage chemotaxis","1/19","19/18903",0.0189346536261084,0.0428650953424929,0.0180484611968391,"CCL5",1
"GO:0032695","negative regulation of interleukin-12 production","1/19","19/18903",0.0189346536261084,0.0428650953424929,0.0180484611968391,"CCR7",1
"GO:1900225","regulation of NLRP3 inflammasome complex assembly","1/19","20/18903",0.0199217454276923,0.044807809295295,0.0188664460190716,"GBP5",1
"GO:1903975","regulation of glial cell migration","1/19","20/18903",0.0199217454276923,0.044807809295295,0.0188664460190716,"CCR2",1
"GO:0007194","negative regulation of adenylate cyclase activity","1/19","21/18903",0.0209078962955029,0.0465736792479953,0.0196099702096822,"CCR2",1
"GO:0030502","negative regulation of bone mineralization","1/19","21/18903",0.0209078962955029,0.0465736792479953,0.0196099702096822,"CCR1",1
"GO:0045063","T-helper 1 cell differentiation","1/19","21/18903",0.0209078962955029,0.0465736792479953,0.0196099702096822,"CCL19",1
"GO:0033630","positive regulation of cell adhesion mediated by integrin","1/19","22/18903",0.0218931070766907,0.0478481428248428,0.0201465864525654,"CCL5",1
"GO:0044546","NLRP3 inflammasome complex assembly","1/19","22/18903",0.0218931070766907,0.0478481428248428,0.0201465864525654,"GBP5",1
"GO:0045061","thymic T cell selection","1/19","22/18903",0.0218931070766907,0.0478481428248428,0.0201465864525654,"CCR7",1
"GO:0051767","nitric-oxide synthase biosynthetic process","1/19","22/18903",0.0218931070766907,0.0478481428248428,0.0201465864525654,"CCL2",1
"GO:0051769","regulation of nitric-oxide synthase biosynthetic process","1/19","22/18903",0.0218931070766907,0.0478481428248428,0.0201465864525654,"CCL2",1
"GO:0140374","antiviral innate immune response","1/19","22/18903",0.0218931070766907,0.0478481428248428,0.0201465864525654,"CXCL10",1
"GO:0008037","cell recognition","2/19","230/18903",0.0219977420992957,0.047926115232008,0.0201794169397928,"CCR7/CCL19",2
"GO:0007163","establishment or maintenance of cell polarity","2/19","234/18903",0.0227171379093277,0.0493387838968212,0.0207742247986616,"CCR7/CCL19",2
"GO:0002689","negative regulation of leukocyte chemotaxis","1/19","23/18903",0.0228773786176862,0.0493781929791675,0.0207908180964916,"CCL2",1
"GO:0045624","positive regulation of T-helper cell differentiation","1/19","23/18903",0.0228773786176862,0.0493781929791675,0.0207908180964916,"CCL19",1
"GO:0002274","myeloid leukocyte activation","2/19","237/18903",0.0232630996332182,0.0499493815545858,0.0210313185492993,"CCR2/CCL5",2
"GO:0051403","stress-activated MAPK cascade","2/19","239/18903",0.0236301097671351,0.0499493815545858,0.0210313185492993,"CCR7/CCL19",2
"GO:0045088","regulation of innate immune response","2/19","240/18903",0.0238145217328499,0.0499493815545858,0.0210313185492993,"GBP5/CCL5",2
"GO:0002922","positive regulation of humoral immune response","1/19","24/18903",0.023860711764205,0.0499493815545858,0.0210313185492993,"CCR7",1
"GO:0031280","negative regulation of cyclase activity","1/19","24/18903",0.023860711764205,0.0499493815545858,0.0210313185492993,"CCR2",1
"GO:0060143","positive regulation of syncytium formation by plasma membrane fusion","1/19","24/18903",0.023860711764205,0.0499493815545858,0.0210313185492993,"CXCL9",1
"GO:0070233","negative regulation of T cell apoptotic process","1/19","24/18903",0.023860711764205,0.0499493815545858,0.0210313185492993,"CCL5",1
"GO:0071676","negative regulation of mononuclear cell migration","1/19","24/18903",0.023860711764205,0.0499493815545858,0.0210313185492993,"CCL2",1
"GO:0140632","inflammasome complex assembly","1/19","24/18903",0.023860711764205,0.0499493815545858,0.0210313185492993,"GBP5",1
"GO:2000353","positive regulation of endothelial cell apoptotic process","1/19","24/18903",0.023860711764205,0.0499493815545858,0.0210313185492993,"CCL2",1
